﻿pos_x,pos_y,rotation,side,designator,mpn,pack,value,mount_type,place
122.99,-98.81,90.0,top,JAb1,,Johnson_108-09XX-001,Banana,tht,True
136.99,-98.76,0.0,top,JAe1,WQP-WQP518MA,EighthInch_PJ398SM,3.5mm_Mono_Switched,tht,True
150.98,-98.81,90.0,top,JBb1,,Johnson_108-09XX-001,Banana,tht,True
164.96,-98.76,0.0,top,JBe1,WQP-WQP518MA,EighthInch_PJ398SM,3.5mm_Mono_Switched,tht,True
178.91,-98.81,90.0,top,JCb1,,Johnson_108-09XX-001,Banana,tht,True
192.89,-98.76,0.0,top,JCe1,WQP-WQP518MA,EighthInch_PJ398SM,3.5mm_Mono_Switched,tht,True
206.92,-98.81,90.0,top,JDb1,,Johnson_108-09XX-001,Banana,tht,True
220.82,-98.76,0.0,top,JDe1,WQP-WQP518MA,EighthInch_PJ398SM,3.5mm_Mono_Switched,tht,True
